Currency,Type,International,Anticipation,Money,Quantity
0,1,0,41,$129.00,1
0,1,0,56,$376.00,4
0,1,0,58,$206.00,2
0,1,0,63,$222.00,2
0,1,0,82,$259.00,1
0,1,0,12,$344.00,4
0,1,0,13,$917.00,8
0,1,0,14,$270.00,2
0,1,0,15,"$2,748.00",24
0,1,0,16,"$2,857.00",24
0,1,0,17,"$4,093.00",35
0,1,0,18,"$3,195.00",29
0,1,0,19,"$4,968.00",44
0,1,0,20,"$5,213.00",49
0,1,0,21,"$4,511.00",40
0,1,0,22,"$9,406.00",86
0,1,0,23,"$4,956.00",46
0,1,0,24,"$9,488.00",86
0,1,0,25,"$7,388.00",61
0,1,0,26,"$8,076.00",72
0,1,0,27,"$5,640.00",51
0,1,0,28,"$5,516.00",50
0,1,0,29,"$8,140.00",75
0,1,0,30,"$4,139.00",38
0,1,0,31,"$5,979.00",52
0,1,0,32,"$9,348.00",82
0,1,0,33,"$6,150.00",54
0,1,0,34,"$3,623.00",32
0,1,0,35,"$5,190.00",50
0,1,0,36,"$6,359.00",56
0,1,0,37,"$4,752.00",44
0,1,0,38,"$7,474.00",68
0,1,0,39,"$9,597.00",83
0,1,0,40,"$6,943.00",64
0,1,0,41,"$5,047.00",45
0,1,0,42,"$5,939.00",53
0,1,0,43,"$3,711.00",37
0,1,0,44,"$4,925.00",48
0,1,0,45,"$4,089.00",38
0,1,0,46,"$3,372.00",35
0,1,0,47,"$6,615.00",57
0,1,0,48,"$8,525.00",81
0,1,0,49,"$5,378.00",52
0,1,0,50,"$3,733.00",36
0,1,0,51,"$5,247.00",48
0,1,0,52,"$5,109.00",50
0,1,0,53,"$3,777.00",34
0,1,0,54,"$4,331.00",40
0,1,0,55,"$4,897.00",48
0,1,0,56,"$3,307.00",31
0,1,0,57,"$3,909.00",37
0,1,0,58,"$2,248.00",22
0,1,0,59,"$2,791.00",28
0,1,0,60,"$4,572.00",47
0,1,0,61,"$5,208.00",49
0,1,0,62,"$3,187.00",32
0,1,0,63,"$2,284.00",22
0,1,0,64,"$1,074.00",11
0,1,0,65,"$3,635.00",35
0,1,0,66,"$1,657.00",16
0,1,0,67,"$3,977.00",39
0,1,0,68,"$3,008.00",29
0,1,0,69,"$5,834.00",56
0,1,0,70,"$2,105.00",22
0,1,0,71,$894.00,10
0,1,0,72,"$3,764.00",38
0,1,0,73,"$3,919.00",41
0,1,0,74,"$2,328.00",24
0,1,0,75,"$2,301.00",22
0,1,0,76,"$7,342.00",76
0,1,0,77,"$1,949.00",20
0,1,0,78,"$3,389.00",33
0,1,0,79,"$1,872.00",16
0,1,0,80,"$5,815.00",59
0,1,0,81,"$2,857.00",29
0,1,0,82,"$3,245.00",29
0,1,0,83,"$3,393.00",32
0,1,0,84,"$3,425.00",31
0,1,0,85,"$2,770.00",26
0,1,0,86,"$3,615.00",32
0,1,0,87,"$3,807.00",39
0,1,0,88,"$1,866.00",21
0,1,0,89,"$2,100.00",21
0,1,0,90,"$4,579.00",43
0,1,0,91,$516.00,6
0,1,0,92,"$1,528.00",14
0,1,0,93,"$3,195.00",28
0,1,0,94,"$3,482.00",35
0,1,0,95,"$3,590.00",37
0,1,0,96,"$1,022.00",11
0,1,0,97,$662.00,7
0,1,0,98,"$1,236.00",12
0,1,0,99,$858.00,8
0,1,0,100,"$1,732.00",17
0,1,0,101,"$2,555.00",24
0,1,0,102,"$1,710.00",17
0,1,0,103,"$2,335.00",23
0,1,0,104,$971.00,10
0,1,0,105,"$1,296.00",12
0,1,0,106,"$1,289.00",13
0,1,0,107,$249.00,2
0,1,0,108,"$1,356.00",13
0,1,0,109,"$1,297.00",11
0,1,0,110,"$1,675.00",14
0,1,0,111,"$1,338.00",11
0,1,0,112,$756.00,8
0,1,0,113,$360.00,3
0,1,0,114,$589.00,5
0,1,0,115,$928.00,10
0,1,0,116,$851.00,9
0,1,0,117,$412.00,4
0,1,0,118,"$1,608.00",13
0,1,0,119,$172.00,2
0,1,0,120,$598.00,5
0,1,0,121,$129.00,1
0,1,0,123,"$1,664.00",15
0,1,0,124,$670.00,7
0,1,0,125,$344.00,4
0,1,0,126,$86.00,1
0,1,0,128,$120.00,1
0,1,0,130,$430.00,5
0,1,0,132,$129.00,1
0,1,0,133,$559.00,6
0,1,0,137,$206.00,2
0,1,0,138,$258.00,3
0,1,0,142,$516.00,6
0,1,0,146,$86.00,1
0,1,0,16,$321.00,3
0,1,0,17,$528.00,4
0,1,0,18,$351.00,3
0,1,0,19,$613.00,5
0,1,0,20,"$2,457.00",21
0,1,0,21,$767.00,7
0,1,0,22,$401.00,4
0,1,0,23,"$1,078.00",10
0,1,0,24,"$2,010.00",17
0,1,0,25,"$1,343.00",12
0,1,0,26,$312.00,3
0,1,0,27,$971.00,7
0,1,0,28,$107.00,1
0,1,0,29,"$1,112.00",10
0,1,0,30,"$1,164.00",9
0,1,0,31,"$1,897.00",15
0,1,0,32,$351.00,3
0,1,0,33,"$1,421.00",11
0,1,0,34,"$1,250.00",10
0,1,0,35,"$1,612.00",14
0,1,0,36,"$2,111.00",17
0,1,0,37,"$1,127.00",9
0,1,0,38,"$1,533.00",14
0,1,0,39,$840.00,7
0,1,0,40,$867.00,7
0,1,0,41,$714.00,7
0,1,0,42,$444.00,4
0,1,0,43,$780.00,6
0,1,0,44,$996.00,8
0,1,0,45,$240.00,2
0,1,0,46,$218.00,2
0,1,0,47,$924.00,9
0,1,0,48,$495.00,5
0,1,0,49,$684.00,6
0,1,0,50,$146.00,1
0,1,0,51,$591.00,5
0,1,0,52,$620.00,6
0,1,0,53,$702.00,6
0,1,0,54,$360.00,3
0,1,0,55,$488.00,4
0,1,0,56,"$1,020.00",9
0,1,0,58,$960.00,8
0,1,0,59,$313.00,2
0,1,0,60,$240.00,2
0,1,0,62,$128.00,1
0,1,0,64,$444.00,4
0,1,0,65,$419.00,3
0,1,0,66,"$1,405.00",11
0,1,0,67,$334.00,3
0,1,0,69,$342.00,3
0,1,0,71,$854.00,8
0,1,0,72,$994.00,10
0,1,0,73,$163.00,1
0,1,0,75,$600.00,5
0,1,0,76,$846.00,9
0,1,0,77,$806.00,8
0,1,0,78,$453.00,4
0,1,0,82,$94.00,1
0,1,0,93,$538.00,4
0,1,0,99,$632.00,6
0,1,0,100,$360.00,3
0,1,0,101,$412.00,4
0,1,0,110,$154.00,1
0,1,0,111,$470.00,5
0,1,0,129,$240.00,2
0,1,0,130,$480.00,4
0,1,0,32,$116.00,1
0,1,0,38,$368.00,3
0,1,0,46,$612.00,5
0,1,0,77,$470.00,5
0,1,0,82,$128.00,1
0,1,0,89,$480.00,4
0,1,0,91,$128.00,1
0,1,0,12,"$2,831.00",25
0,1,0,13,"$4,891.00",42
0,1,0,14,"$6,328.00",56
0,1,0,15,"$9,977.00",85
0,1,0,16,"$8,349.00",69
0,1,0,17,"$15,077.00",128
0,1,0,18,"$17,360.00",144
0,1,0,19,"$24,559.00",209
0,1,0,20,"$21,953.00",187
0,1,0,21,"$32,740.00",276
0,1,0,22,"$28,503.00",246
0,1,0,23,"$28,568.00",247
0,1,0,24,"$33,713.00",289
0,1,0,25,"$41,408.00",360
0,1,0,26,"$38,173.00",336
0,1,0,27,"$42,194.00",363
0,1,0,28,"$41,912.00",361
0,1,0,29,"$40,540.00",352
0,1,0,30,"$41,994.00",368
0,1,0,31,"$38,826.00",346
0,1,0,32,"$42,321.00",360
0,1,0,33,"$37,825.00",319
0,1,0,34,"$42,209.00",371
0,1,0,35,"$36,927.00",314
0,1,0,36,"$36,612.00",314
0,1,0,37,"$35,844.00",313
0,1,0,38,"$39,456.00",342
0,1,0,39,"$41,825.00",367
0,1,0,40,"$49,838.00",428
0,1,0,41,"$39,310.00",340
0,1,0,42,"$38,758.00",333
0,1,0,43,"$42,155.00",368
0,1,0,44,"$43,941.00",383
0,1,0,45,"$39,949.00",349
0,1,0,46,"$41,697.00",366
0,1,0,47,"$41,790.00",358
0,1,0,48,"$43,166.00",375
0,1,0,49,"$29,259.00",256
0,1,0,50,"$33,768.00",295
0,1,0,51,"$32,963.00",289
0,1,0,52,"$33,843.00",303
0,1,0,53,"$31,767.00",285
0,1,0,54,"$26,409.00",235
0,1,0,55,"$20,178.00",176
0,1,0,56,"$30,719.00",271
0,1,0,57,"$19,342.00",176
0,1,0,58,"$23,578.00",207
0,1,0,59,"$21,896.00",193
0,1,0,60,"$25,275.00",225
0,1,0,61,"$17,820.00",156
0,1,0,62,"$20,901.00",190
0,1,0,63,"$25,288.00",225
0,1,0,64,"$18,680.00",167
0,1,0,65,"$24,063.00",208
0,1,0,66,"$20,599.00",178
0,1,0,67,"$24,709.00",219
0,1,0,68,"$21,090.00",190
0,1,0,69,"$17,792.00",157
0,1,0,70,"$15,920.00",142
0,1,0,71,"$17,928.00",159
0,1,0,72,"$24,930.00",224
0,1,0,73,"$21,257.00",191
0,1,0,74,"$14,097.00",124
0,1,0,75,"$20,590.00",176
0,1,0,76,"$21,416.00",190
0,1,0,77,"$17,035.00",149
0,1,0,78,"$19,129.00",175
0,1,0,79,"$19,618.00",181
0,1,0,80,"$17,412.00",156
0,1,0,81,"$25,096.00",215
0,1,0,82,"$20,545.00",181
0,1,0,83,"$22,131.00",200
0,1,0,84,"$22,272.00",207
0,1,0,85,"$16,321.00",151
0,1,0,86,"$22,056.00",203
0,1,0,87,"$19,895.00",175
0,1,0,88,"$16,128.00",147
0,1,0,89,"$19,026.00",169
0,1,0,90,"$16,425.00",148
0,1,0,91,"$18,697.00",169
0,1,0,92,"$19,594.00",173
0,1,0,93,"$18,894.00",164
0,1,0,94,"$15,744.00",140
0,1,0,95,"$20,077.00",178
0,1,0,96,"$16,851.00",155
0,1,0,97,"$12,947.00",116
0,1,0,98,"$16,658.00",146
0,1,0,99,"$17,887.00",158
0,1,0,100,"$10,957.00",96
0,1,0,101,"$8,742.00",82
0,1,0,102,"$10,497.00",90
0,1,0,103,"$9,824.00",87
0,1,0,104,"$8,635.00",76
0,1,0,105,"$9,242.00",75
0,1,0,106,"$7,086.00",62
0,1,0,107,"$6,538.00",60
0,1,0,108,"$7,317.00",61
0,1,0,109,"$5,713.00",50
0,1,0,110,"$8,565.00",71
0,1,0,111,"$5,759.00",54
0,1,0,112,"$5,890.00",51
0,1,0,113,"$7,495.00",69
0,1,0,114,"$5,718.00",51
0,1,0,115,"$7,248.00",61
0,1,0,116,"$2,746.00",27
0,1,0,117,"$3,817.00",31
0,1,0,118,"$3,047.00",28
0,1,0,119,"$2,808.00",25
0,1,0,120,"$3,296.00",30
0,1,0,121,"$1,951.00",17
0,1,0,122,"$2,395.00",22
0,1,0,123,"$6,277.00",57
0,1,0,124,"$4,785.00",40
0,1,0,125,"$3,340.00",26
0,1,0,126,"$2,333.00",23
0,1,0,127,"$3,098.00",27
0,1,0,128,$871.00,8
0,1,0,129,"$1,745.00",14
0,1,0,130,"$2,309.00",23
0,1,0,131,"$2,611.00",19
0,1,0,133,"$1,110.00",10
0,1,0,134,$300.00,3
0,1,0,135,$274.00,2
0,1,0,136,$616.00,5
0,1,0,137,$589.00,5
0,1,0,138,$607.00,5
0,1,0,141,$369.00,3
0,1,0,143,$206.00,2
0,1,0,144,$438.00,3
0,1,0,145,$547.00,5
0,1,0,146,$752.00,8
0,1,1,31,"$1,515.00",3
0,1,1,115,"$1,226.00",2
0,1,1,15,"$1,125.00",4
0,1,1,17,$638.00,4
0,1,1,18,$256.00,1
0,1,1,19,"$2,464.00",9
0,1,1,20,$855.00,4
0,1,1,21,"$3,067.00",13
0,1,1,22,"$1,320.00",6
0,1,1,23,"$1,002.00",4
0,1,1,24,$644.00,3
0,1,1,25,"$1,365.00",7
0,1,1,26,$887.00,3
0,1,1,27,"$1,007.00",5
0,1,1,28,$359.00,2
0,1,1,29,"$1,620.00",8
0,1,1,30,"$1,714.00",8
0,1,1,31,"$3,097.00",10
0,1,1,32,"$2,310.00",12
0,1,1,33,"$4,225.00",15
0,1,1,34,"$2,708.00",11
0,1,1,35,"$3,613.00",15
0,1,1,36,"$2,121.00",9
0,1,1,37,$843.00,4
0,1,1,38,$496.00,4
0,1,1,39,"$3,767.00",22
0,1,1,40,"$1,683.00",8
0,1,1,41,$541.00,3
0,1,1,42,"$1,880.00",8
0,1,1,43,"$2,408.00",14
0,1,1,44,"$2,788.00",11
0,1,1,45,$887.00,5
0,1,1,46,"$4,454.00",23
0,1,1,47,"$2,882.00",13
0,1,1,48,"$2,708.00",16
0,1,1,49,"$2,298.00",8
0,1,1,50,"$3,261.00",10
0,1,1,51,"$5,085.00",25
0,1,1,52,"$1,545.00",10
0,1,1,53,"$1,509.00",5
0,1,1,54,"$2,166.00",9
0,1,1,55,"$2,643.00",10
0,1,1,56,"$1,367.00",9
0,1,1,57,"$1,297.00",9
0,1,1,58,$982.00,8
0,1,1,59,"$2,613.00",7
0,1,1,60,"$3,143.00",11
0,1,1,61,$568.00,2
0,1,1,62,"$1,106.00",6
0,1,1,63,$429.00,3
0,1,1,64,$124.00,1
0,1,1,65,$894.00,7
0,1,1,66,$560.00,4
0,1,1,67,"$1,819.00",6
0,1,1,68,"$1,130.00",8
0,1,1,69,$783.00,6
0,1,1,70,$128.00,1
0,1,1,71,"$2,538.00",11
0,1,1,72,$257.00,1
0,1,1,73,$968.00,5
0,1,1,75,$673.00,5
0,1,1,76,"$1,125.00",6
0,1,1,77,$778.00,6
0,1,1,78,$526.00,2
0,1,1,79,$819.00,5
0,1,1,80,$385.00,3
0,1,1,81,"$1,015.00",6
0,1,1,82,$438.00,1
0,1,1,83,$524.00,4
0,1,1,84,"$1,865.00",10
0,1,1,86,$299.00,1
0,1,1,87,$740.00,4
0,1,1,88,$588.00,2
0,1,1,90,$418.00,2
0,1,1,91,"$1,209.00",9
0,1,1,92,$434.00,3
0,1,1,93,$712.00,4
0,1,1,94,$151.00,1
0,1,1,95,$492.00,2
0,1,1,96,$304.00,2
0,1,1,97,$538.00,2
0,1,1,98,$750.00,5
0,1,1,100,"$1,561.00",10
0,1,1,101,"$4,021.00",15
0,1,1,102,$554.00,2
0,1,1,103,"$1,023.00",3
0,1,1,106,"$2,173.00",7
0,1,1,107,"$2,255.00",10
0,1,1,108,$744.00,6
0,1,1,109,$552.00,2
0,1,1,110,"$2,233.00",6
0,1,1,111,$392.00,2
0,1,1,116,"$1,147.00",6
0,1,1,121,"$1,430.00",5
0,1,1,124,$290.00,2
0,1,1,131,$248.00,2
0,1,1,133,"$1,144.00",4
0,1,1,137,"$1,603.00",7
0,1,1,16,$295.00,1
0,1,1,18,$818.00,3
0,1,1,22,$341.00,1
0,1,1,24,$392.00,2
0,1,1,25,$201.00,1
0,1,1,26,$251.00,1
0,1,1,27,$319.00,1
0,1,1,31,"$1,336.00",4
0,1,1,33,"$1,034.00",4
0,1,1,37,$495.00,2
0,1,1,39,$248.00,1
0,1,1,41,$548.00,2
0,1,1,44,"$1,242.00",4
0,1,1,47,$578.00,2
0,1,1,51,"$1,335.00",4
0,1,1,54,$267.00,1
0,1,1,55,$308.00,2
0,1,1,59,$570.00,2
0,1,1,61,"$1,545.00",5
0,1,1,65,$788.00,4
0,1,1,66,"$1,136.00",4
0,1,1,67,"$1,736.00",4
0,1,1,68,$855.00,3
0,1,1,74,"$1,233.00",3
0,1,1,78,$206.00,1
0,1,1,81,$187.00,1
0,1,1,106,$706.00,2
0,1,1,113,$778.00,2
0,1,1,127,$816.00,2
0,1,1,33,$626.00,2
0,1,1,49,$298.00,1
0,1,1,12,"$1,096.00",4
0,1,1,14,"$1,784.00",8
0,1,1,15,"$1,941.00",7
0,1,1,16,"$2,867.00",12
0,1,1,17,"$2,945.00",11
0,1,1,18,"$6,320.00",22
0,1,1,19,"$3,255.00",13
0,1,1,20,"$6,316.00",24
0,1,1,21,"$4,655.00",18
0,1,1,22,"$6,456.00",28
0,1,1,23,"$5,486.00",20
0,1,1,24,"$6,878.00",27
0,1,1,25,"$7,984.00",33
0,1,1,26,"$7,446.00",31
0,1,1,27,"$9,616.00",43
0,1,1,28,"$5,675.00",20
0,1,1,29,"$10,339.00",43
0,1,1,30,"$9,155.00",37
0,1,1,31,"$6,567.00",27
0,1,1,32,"$11,252.00",46
0,1,1,33,"$4,131.00",18
0,1,1,34,"$11,066.00",42
0,1,1,35,"$9,778.00",41
0,1,1,36,"$7,115.00",31
0,1,1,37,"$10,933.00",51
0,1,1,38,"$10,817.00",47
0,1,1,39,"$8,278.00",36
0,1,1,40,"$7,389.00",27
0,1,1,41,"$11,461.00",47
0,1,1,42,"$8,978.00",34
0,1,1,43,"$6,149.00",26
0,1,1,44,"$7,893.00",31
0,1,1,45,"$7,520.00",32
0,1,1,46,"$12,568.00",48
0,1,1,47,"$6,292.00",24
0,1,1,48,"$13,364.00",61
0,1,1,49,"$7,880.00",35
0,1,1,50,"$11,457.00",48
0,1,1,51,"$5,730.00",26
0,1,1,52,"$9,647.00",36
0,1,1,53,"$3,737.00",15
0,1,1,54,"$6,592.00",26
0,1,1,55,"$6,471.00",30
0,1,1,56,"$8,818.00",34
0,1,1,57,"$5,899.00",27
0,1,1,58,"$6,972.00",26
0,1,1,59,"$11,914.00",48
0,1,1,60,"$8,221.00",33
0,1,1,61,"$6,958.00",30
0,1,1,62,"$10,153.00",38
0,1,1,63,"$6,210.00",27
0,1,1,64,"$4,813.00",18
0,1,1,65,"$5,935.00",30
0,1,1,66,"$4,846.00",19
0,1,1,67,"$5,530.00",23
0,1,1,68,"$3,853.00",16
0,1,1,69,"$4,680.00",24
0,1,1,70,"$3,150.00",14
0,1,1,71,"$6,356.00",31
0,1,1,72,"$6,044.00",27
0,1,1,73,"$2,947.00",15
0,1,1,74,"$3,086.00",10
0,1,1,75,"$1,974.00",8
0,1,1,76,"$7,985.00",31
0,1,1,77,"$2,610.00",11
0,1,1,78,"$3,523.00",17
0,1,1,79,"$5,453.00",22
0,1,1,80,"$3,167.00",15
0,1,1,81,"$5,223.00",19
0,1,1,82,"$7,039.00",32
0,1,1,83,"$4,144.00",18
0,1,1,84,"$4,300.00",18
0,1,1,85,"$5,951.00",19
0,1,1,86,"$2,713.00",11
0,1,1,87,"$7,440.00",29
0,1,1,88,"$7,600.00",31
0,1,1,89,"$11,937.00",51
0,1,1,90,"$6,942.00",27
0,1,1,91,"$4,696.00",20
0,1,1,92,"$4,942.00",16
0,1,1,93,"$7,540.00",29
0,1,1,94,"$2,309.00",10
0,1,1,95,"$10,125.00",30
0,1,1,96,"$7,912.00",27
0,1,1,97,"$1,605.00",7
0,1,1,98,"$3,049.00",10
0,1,1,99,"$4,543.00",17
0,1,1,100,"$1,687.00",8
0,1,1,101,"$1,858.00",6
0,1,1,102,"$4,857.00",18
0,1,1,103,"$3,273.00",13
0,1,1,104,"$2,213.00",8
0,1,1,105,$384.00,2
0,1,1,106,"$1,326.00",6
0,1,1,107,"$3,133.00",13
0,1,1,108,"$5,420.00",21
0,1,1,109,"$2,563.00",11
0,1,1,110,"$4,159.00",17
0,1,1,111,"$1,658.00",7
0,1,1,112,"$2,684.00",11
0,1,1,113,"$1,116.00",4
0,1,1,114,$197.00,1
0,1,1,115,"$2,455.00",9
0,1,1,116,"$1,218.00",6
0,1,1,117,$528.00,2
0,1,1,118,$676.00,2
0,1,1,119,$757.00,3
0,1,1,120,"$1,244.00",6
0,1,1,121,"$1,068.00",6
0,1,1,122,"$1,324.00",5
0,1,1,123,"$2,624.00",10
0,1,1,125,$618.00,2
0,1,1,126,$832.00,4
0,1,1,127,"$1,543.00",9
0,1,1,128,"$2,554.00",9
0,1,1,129,"$2,954.00",10
0,1,1,130,$128.00,1
0,1,1,131,$386.00,2
0,1,1,133,"$1,970.00",5
0,1,1,135,$174.00,1
0,1,1,141,$176.00,1
0,2,0,14,$111.00,1
0,2,0,18,$512.00,4
0,2,0,20,$192.00,2
0,2,0,25,$98.00,1
0,2,0,34,$124.00,1
0,2,0,37,$210.00,2
0,2,0,44,$188.00,2
0,2,0,55,$94.00,1
0,2,0,84,$129.00,1
0,2,0,104,$444.00,4
0,2,0,110,$129.00,1
0,2,0,129,$222.00,2
0,2,0,12,$265.00,2
0,2,0,13,"$1,794.00",15
0,2,0,14,"$1,785.00",15
0,2,0,15,"$2,692.00",22
0,2,0,16,"$3,199.00",28
0,2,0,17,"$5,761.00",49
0,2,0,18,"$8,835.00",79
0,2,0,19,"$5,758.00",49
0,2,0,20,"$10,961.00",99
0,2,0,21,"$12,087.00",106
0,2,0,22,"$8,932.00",77
0,2,0,23,"$14,464.00",133
0,2,0,24,"$22,662.00",190
0,2,0,25,"$18,307.00",153
0,2,0,26,"$16,237.00",139
0,2,0,27,"$17,443.00",146
0,2,0,28,"$11,863.00",102
0,2,0,29,"$14,544.00",129
0,2,0,30,"$16,762.00",145
0,2,0,31,"$19,099.00",164
0,2,0,32,"$16,948.00",147
0,2,0,33,"$20,433.00",174
0,2,0,34,"$22,399.00",192
0,2,0,35,"$17,440.00",160
0,2,0,36,"$24,816.00",225
0,2,0,37,"$18,306.00",163
0,2,0,38,"$21,301.00",184
0,2,0,39,"$18,417.00",163
0,2,0,40,"$30,957.00",276
0,2,0,41,"$19,082.00",167
0,2,0,42,"$20,964.00",191
0,2,0,43,"$18,392.00",169
0,2,0,44,"$19,906.00",180
0,2,0,45,"$22,466.00",203
0,2,0,46,"$16,103.00",140
0,2,0,47,"$17,020.00",155
0,2,0,48,"$17,308.00",163
0,2,0,49,"$17,401.00",162
0,2,0,50,"$18,759.00",169
0,2,0,51,"$13,673.00",129
0,2,0,52,"$12,308.00",117
0,2,0,53,"$17,171.00",163
0,2,0,54,"$17,391.00",160
0,2,0,55,"$11,958.00",112
0,2,0,56,"$10,039.00",93
0,2,0,57,"$11,626.00",108
0,2,0,58,"$10,273.00",95
0,2,0,59,"$13,954.00",139
0,2,0,60,"$11,369.00",115
0,2,0,61,"$12,796.00",127
0,2,0,62,"$17,742.00",167
0,2,0,63,"$15,382.00",147
0,2,0,64,"$13,022.00",126
0,2,0,65,"$13,971.00",132
0,2,0,66,"$13,491.00",132
0,2,0,67,"$9,613.00",96
0,2,0,68,"$10,527.00",100
0,2,0,69,"$14,110.00",137
0,2,0,70,"$10,928.00",113
0,2,0,71,"$10,197.00",98
0,2,0,72,"$10,222.00",101
0,2,0,73,"$12,002.00",117
0,2,0,74,"$11,337.00",104
0,2,0,75,"$12,038.00",117
0,2,0,76,"$7,162.00",69
0,2,0,77,"$10,576.00",105
0,2,0,78,"$8,886.00",86
0,2,0,79,"$9,976.00",98
0,2,0,80,"$9,482.00",92
0,2,0,81,"$7,127.00",65
0,2,0,82,"$9,665.00",89
0,2,0,83,"$8,494.00",75
0,2,0,84,"$8,195.00",82
0,2,0,85,"$9,267.00",94
0,2,0,86,"$10,736.00",106
0,2,0,87,"$9,305.00",91
0,2,0,88,"$10,016.00",93
0,2,0,89,"$5,695.00",58
0,2,0,90,"$12,031.00",112
0,2,0,91,"$8,379.00",82
0,2,0,92,"$10,860.00",92
0,2,0,93,"$10,004.00",95
0,2,0,94,"$6,093.00",64
0,2,0,95,"$6,428.00",69
0,2,0,96,"$7,949.00",77
0,2,0,97,"$6,621.00",65
0,2,0,98,"$9,449.00",96
0,2,0,99,"$5,399.00",55
0,2,0,100,"$12,500.00",116
0,2,0,101,"$3,765.00",37
0,2,0,102,"$5,998.00",57
0,2,0,103,"$8,220.00",75
0,2,0,104,"$4,921.00",46
0,2,0,105,"$6,824.00",69
0,2,0,106,"$2,899.00",27
0,2,0,107,"$10,058.00",90
0,2,0,108,"$7,060.00",65
0,2,0,109,"$3,660.00",36
0,2,0,110,"$9,796.00",89
0,2,0,111,"$6,552.00",62
0,2,0,112,"$3,428.00",36
0,2,0,113,"$4,548.00",42
0,2,0,114,"$2,911.00",30
0,2,0,115,"$5,886.00",56
0,2,0,116,"$6,739.00",61
0,2,0,117,"$4,924.00",51
0,2,0,118,"$2,662.00",26
0,2,0,119,"$1,571.00",14
0,2,0,120,"$3,463.00",35
0,2,0,121,"$1,598.00",16
0,2,0,122,"$1,902.00",18
0,2,0,123,"$2,811.00",25
0,2,0,124,$86.00,1
0,2,0,125,"$3,450.00",34
0,2,0,126,"$2,645.00",24
0,2,0,127,"$3,798.00",33
0,2,0,128,$954.00,9
0,2,0,129,"$2,499.00",26
0,2,0,130,$506.00,5
0,2,0,131,"$3,970.00",34
0,2,0,132,"$3,020.00",29
0,2,0,133,$618.00,6
0,2,0,134,$436.00,3
0,2,0,135,"$1,104.00",8
0,2,0,136,"$1,158.00",10
0,2,0,137,"$1,210.00",12
0,2,0,138,$86.00,1
0,2,0,142,"$1,182.00",9
0,2,0,143,$308.00,2
0,2,0,146,$172.00,2
0,2,0,15,$595.00,5
0,2,0,16,$454.00,4
0,2,0,17,$672.00,6
0,2,0,18,$959.00,8
0,2,0,19,"$2,194.00",19
0,2,0,20,"$2,045.00",18
0,2,0,21,"$1,062.00",10
0,2,0,22,"$1,310.00",11
0,2,0,23,"$2,311.00",20
0,2,0,24,"$1,787.00",16
0,2,0,25,"$2,475.00",21
0,2,0,26,"$2,385.00",19
0,2,0,27,"$1,134.00",9
0,2,0,28,"$1,398.00",12
0,2,0,29,$201.00,2
0,2,0,30,"$3,919.00",34
0,2,0,31,"$4,170.00",33
0,2,0,32,"$1,296.00",11
0,2,0,33,$628.00,6
0,2,0,34,"$2,646.00",22
0,2,0,35,"$2,121.00",20
0,2,0,36,"$2,115.00",18
0,2,0,37,"$1,074.00",9
0,2,0,38,"$1,104.00",10
0,2,0,39,"$1,801.00",15
0,2,0,40,"$1,854.00",16
0,2,0,41,"$1,900.00",17
0,2,0,42,"$2,312.00",21
0,2,0,43,"$1,292.00",12
0,2,0,44,"$3,417.00",30
0,2,0,45,"$2,354.00",21
0,2,0,46,"$2,476.00",23
0,2,0,47,"$3,074.00",28
0,2,0,48,"$3,440.00",28
0,2,0,49,"$1,752.00",16
0,2,0,50,$693.00,6
0,2,0,51,"$2,123.00",18
0,2,0,52,$673.00,6
0,2,0,53,"$1,986.00",18
0,2,0,54,"$2,426.00",19
0,2,0,55,"$1,657.00",15
0,2,0,56,$680.00,6
0,2,0,57,"$1,284.00",11
0,2,0,58,$107.00,1
0,2,0,59,"$1,993.00",15
0,2,0,60,"$1,950.00",17
0,2,0,61,"$1,715.00",15
0,2,0,62,$462.00,4
0,2,0,63,"$3,116.00",25
0,2,0,64,"$2,206.00",18
0,2,0,65,"$1,832.00",14
0,2,0,66,$830.00,6
0,2,0,67,"$2,820.00",25
0,2,0,68,"$1,986.00",16
0,2,0,69,"$1,463.00",14
0,2,0,70,$360.00,3
0,2,0,71,$573.00,5
0,2,0,72,"$1,026.00",9
0,2,0,73,$480.00,4
0,2,0,74,$240.00,2
0,2,0,75,"$1,026.00",9
0,2,0,76,$728.00,7
0,2,0,77,$650.00,6
0,2,0,78,$436.00,4
0,2,0,79,"$2,199.00",19
0,2,0,80,"$1,148.00",10
0,2,0,81,"$2,064.00",21
0,2,0,82,$480.00,4
0,2,0,83,$248.00,2
0,2,0,84,"$1,311.00",11
0,2,0,85,$907.00,8
0,2,0,86,$504.00,5
0,2,0,87,$599.00,5
0,2,0,88,$350.00,3
0,2,0,89,$694.00,6
0,2,0,90,"$1,410.00",12
0,2,0,91,$582.00,5
0,2,0,92,$436.00,4
0,2,0,93,$548.00,4
0,2,0,95,$206.00,2
0,2,0,96,$282.00,3
0,2,0,97,$120.00,1
0,2,0,98,$222.00,2
0,2,0,99,$402.00,4
0,2,0,100,$965.00,9
0,2,0,101,$188.00,2
0,2,0,102,$222.00,2
0,2,0,103,$564.00,6
0,2,0,104,$574.00,5
0,2,0,106,"$1,508.00",12
0,2,0,109,$892.00,8
0,2,0,110,$444.00,4
0,2,0,112,"$1,680.00",14
0,2,0,113,$282.00,3
0,2,0,115,$496.00,4
0,2,0,117,$206.00,2
0,2,0,121,$444.00,4
0,2,0,124,$222.00,2
0,2,0,126,$222.00,2
0,2,0,139,$333.00,3
0,2,0,26,$598.00,5
0,2,0,30,$398.00,3
0,2,0,33,$124.00,1
0,2,0,34,$141.00,1
0,2,0,35,$124.00,1
0,2,0,39,$227.00,2
0,2,0,40,$457.00,4
0,2,0,42,$553.00,4
0,2,0,43,$132.00,1
0,2,0,45,$471.00,4
0,2,0,46,$368.00,3
0,2,0,47,$240.00,2
0,2,0,48,$94.00,1
0,2,0,49,$154.00,1
0,2,0,50,$103.00,1
0,2,0,51,"$1,760.00",14
0,2,0,54,$784.00,6
0,2,0,55,$489.00,3
0,2,0,56,$192.00,2
0,2,0,57,$333.00,3
0,2,0,60,$192.00,2
0,2,0,61,$240.00,2
0,2,0,65,$487.00,4
0,2,0,66,$103.00,1
0,2,0,68,$240.00,2
0,2,0,69,$360.00,3
0,2,0,77,$120.00,1
0,2,0,80,$120.00,1
0,2,0,83,$480.00,4
0,2,0,93,$103.00,1
0,2,0,97,$480.00,4
0,2,0,120,$480.00,4
0,2,0,123,$428.00,4
0,2,0,12,"$2,350.00",20
0,2,0,13,"$6,072.00",52
0,2,0,14,"$7,434.00",64
0,2,0,15,"$9,430.00",79
0,2,0,16,"$16,627.00",144
0,2,0,17,"$18,012.00",153
0,2,0,18,"$25,771.00",219
0,2,0,19,"$42,190.00",355
0,2,0,20,"$40,932.00",340
0,2,0,21,"$45,893.00",392
0,2,0,22,"$46,265.00",406
0,2,0,23,"$63,844.00",550
0,2,0,24,"$61,147.00",527
0,2,0,25,"$62,415.00",538
0,2,0,26,"$75,774.00",650
0,2,0,27,"$71,519.00",620
0,2,0,28,"$77,087.00",659
0,2,0,29,"$88,328.00",781
0,2,0,30,"$91,098.00",787
0,2,0,31,"$101,561.00",878
0,2,0,32,"$101,666.00",865
0,2,0,33,"$86,808.00",754
0,2,0,34,"$97,586.00",848
0,2,0,35,"$99,126.00",859
0,2,0,36,"$101,699.00",873
0,2,0,37,"$109,510.00",935
0,2,0,38,"$111,657.00",961
0,2,0,39,"$119,922.00",1033
0,2,0,40,"$119,109.00",1018
0,2,0,41,"$116,246.00",1003
0,2,0,42,"$112,820.00",972
0,2,0,43,"$110,789.00",957
0,2,0,44,"$123,387.00",1052
0,2,0,45,"$121,178.00",1056
0,2,0,46,"$124,041.00",1072
0,2,0,47,"$119,680.00",1036
0,2,0,48,"$129,512.00",1120
0,2,0,49,"$106,132.00",925
0,2,0,50,"$101,712.00",893
0,2,0,51,"$123,374.00",1072
0,2,0,52,"$97,927.00",866
0,2,0,53,"$88,790.00",769
0,2,0,54,"$93,302.00",816
0,2,0,55,"$91,994.00",808
0,2,0,56,"$85,525.00",752
0,2,0,57,"$80,217.00",697
0,2,0,58,"$76,159.00",663
0,2,0,59,"$85,762.00",759
0,2,0,60,"$89,349.00",789
0,2,0,61,"$84,743.00",749
0,2,0,62,"$74,279.00",645
0,2,0,63,"$80,147.00",705
0,2,0,64,"$71,343.00",642
0,2,0,65,"$76,989.00",685
0,2,0,66,"$72,113.00",632
0,2,0,67,"$86,106.00",742
0,2,0,68,"$70,479.00",634
0,2,0,69,"$79,698.00",709
0,2,0,70,"$65,392.00",580
0,2,0,71,"$66,544.00",593
0,2,0,72,"$80,041.00",704
0,2,0,73,"$87,100.00",765
0,2,0,74,"$76,591.00",678
0,2,0,75,"$84,621.00",747
0,2,0,76,"$79,170.00",696
0,2,0,77,"$79,213.00",697
0,2,0,78,"$68,001.00",589
0,2,0,79,"$69,635.00",616
0,2,0,80,"$75,951.00",677
0,2,0,81,"$69,736.00",617
0,2,0,82,"$77,144.00",679
0,2,0,83,"$78,918.00",689
0,2,0,84,"$77,983.00",688
0,2,0,85,"$71,620.00",635
0,2,0,86,"$70,007.00",626
0,2,0,87,"$71,554.00",642
0,2,0,88,"$64,100.00",564
0,2,0,89,"$71,438.00",623
0,2,0,90,"$72,785.00",648
0,2,0,91,"$59,121.00",534
0,2,0,92,"$61,669.00",550
0,2,0,93,"$61,480.00",556
0,2,0,94,"$62,593.00",545
0,2,0,95,"$58,599.00",502
0,2,0,96,"$54,966.00",486
0,2,0,97,"$57,942.00",524
0,2,0,98,"$57,315.00",510
0,2,0,99,"$54,480.00",488
0,2,0,100,"$57,582.00",500
0,2,0,101,"$48,791.00",434
0,2,0,102,"$45,252.00",392
0,2,0,103,"$45,549.00",395
0,2,0,104,"$45,408.00",399
0,2,0,105,"$43,609.00",390
0,2,0,106,"$29,402.00",263
0,2,0,107,"$29,769.00",265
0,2,0,108,"$39,528.00",347
0,2,0,109,"$35,645.00",311
0,2,0,110,"$31,048.00",280
0,2,0,111,"$23,394.00",213
0,2,0,112,"$29,998.00",273
0,2,0,113,"$19,879.00",180
0,2,0,114,"$22,571.00",202
0,2,0,115,"$21,120.00",185
0,2,0,116,"$18,612.00",167
0,2,0,117,"$19,102.00",172
0,2,0,118,"$15,588.00",142
0,2,0,119,"$11,002.00",97
0,2,0,120,"$11,903.00",108
0,2,0,121,"$13,194.00",120
0,2,0,122,"$11,457.00",104
0,2,0,123,"$14,573.00",129
0,2,0,124,"$9,187.00",80
0,2,0,125,"$12,121.00",107
0,2,0,126,"$5,741.00",52
0,2,0,127,"$5,665.00",51
0,2,0,128,"$7,817.00",65
0,2,0,129,"$8,625.00",76
0,2,0,130,"$4,709.00",41
0,2,0,131,"$5,468.00",53
0,2,0,132,"$4,363.00",39
0,2,0,133,"$6,610.00",55
0,2,0,134,"$4,873.00",43
0,2,0,135,"$6,453.00",54
0,2,0,136,"$2,400.00",19
0,2,0,137,"$4,569.00",42
0,2,0,138,"$1,377.00",12
0,2,0,139,"$1,131.00",11
0,2,0,140,"$2,928.00",26
0,2,0,141,"$2,012.00",17
0,2,0,142,"$1,275.00",11
0,2,0,143,"$1,394.00",12
0,2,0,144,"$1,464.00",12
0,2,0,146,$412.00,4
0,2,1,96,$640.00,2
0,2,1,13,$920.00,3
0,2,1,14,$231.00,1
0,2,1,15,$251.00,2
0,2,1,16,"$1,923.00",8
0,2,1,17,$875.00,3
0,2,1,18,$885.00,4
0,2,1,19,"$1,411.00",6
0,2,1,20,"$1,371.00",5
0,2,1,21,$702.00,3
0,2,1,22,"$1,116.00",5
0,2,1,23,"$2,551.00",11
0,2,1,24,"$5,796.00",28
0,2,1,25,"$5,633.00",27
0,2,1,26,"$6,194.00",22
0,2,1,27,"$5,505.00",24
0,2,1,28,"$2,616.00",10
0,2,1,29,"$6,045.00",29
0,2,1,30,"$3,751.00",17
0,2,1,31,"$4,573.00",20
0,2,1,32,"$6,168.00",30
0,2,1,33,"$7,836.00",29
0,2,1,34,"$4,174.00",18
0,2,1,35,"$8,430.00",35
0,2,1,36,"$8,942.00",39
0,2,1,37,"$6,272.00",24
0,2,1,38,"$5,966.00",26
0,2,1,39,"$14,581.00",62
0,2,1,40,"$7,807.00",41
0,2,1,41,"$5,246.00",22
0,2,1,42,"$6,165.00",27
0,2,1,43,"$4,778.00",21
0,2,1,44,"$7,905.00",31
0,2,1,45,"$8,433.00",43
0,2,1,46,"$4,386.00",25
0,2,1,47,"$9,102.00",37
0,2,1,48,"$4,347.00",23
0,2,1,49,"$5,447.00",30
0,2,1,50,"$6,055.00",29
0,2,1,51,"$2,344.00",11
0,2,1,52,"$6,491.00",34
0,2,1,53,"$6,348.00",23
0,2,1,54,"$4,158.00",14
0,2,1,55,"$2,727.00",13
0,2,1,56,"$8,166.00",40
0,2,1,57,"$7,923.00",39
0,2,1,58,"$1,665.00",11
0,2,1,59,"$2,010.00",10
0,2,1,60,"$2,783.00",13
0,2,1,61,"$4,851.00",21
0,2,1,62,"$4,267.00",20
0,2,1,63,"$3,770.00",18
0,2,1,64,"$2,906.00",11
0,2,1,65,"$6,206.00",29
0,2,1,66,"$2,572.00",16
0,2,1,67,"$3,331.00",10
0,2,1,68,"$2,483.00",16
0,2,1,69,"$1,813.00",9
0,2,1,70,"$4,101.00",19
0,2,1,71,"$4,262.00",17
0,2,1,72,$459.00,3
0,2,1,73,"$3,864.00",18
0,2,1,74,"$5,447.00",18
0,2,1,75,"$3,703.00",21
0,2,1,76,"$1,220.00",6
0,2,1,77,"$5,220.00",24
0,2,1,78,"$4,121.00",15
0,2,1,79,"$6,004.00",21
0,2,1,80,"$3,875.00",18
0,2,1,81,"$1,631.00",8
0,2,1,82,"$2,437.00",11
0,2,1,83,"$1,736.00",7
0,2,1,84,"$4,481.00",16
0,2,1,85,"$2,841.00",14
0,2,1,86,"$2,111.00",9
0,2,1,87,"$8,563.00",28
0,2,1,88,"$5,740.00",20
0,2,1,89,"$4,173.00",26
0,2,1,90,"$7,213.00",26
0,2,1,91,"$5,639.00",24
0,2,1,92,"$2,756.00",11
0,2,1,93,"$2,089.00",14
0,2,1,94,"$6,363.00",28
0,2,1,95,"$3,247.00",12
0,2,1,96,"$2,019.00",9
0,2,1,97,"$4,175.00",19
0,2,1,98,"$3,950.00",21
0,2,1,99,$309.00,1
0,2,1,100,"$1,340.00",7
0,2,1,101,"$9,353.00",41
0,2,1,102,"$6,464.00",30
0,2,1,103,"$2,305.00",15
0,2,1,104,"$1,103.00",5
0,2,1,105,"$4,337.00",21
0,2,1,106,"$1,292.00",9
0,2,1,107,"$3,872.00",14
0,2,1,108,"$2,610.00",16
0,2,1,109,"$2,326.00",12
0,2,1,110,"$2,691.00",13
0,2,1,111,"$1,445.00",5
0,2,1,112,"$3,378.00",15
0,2,1,113,"$2,270.00",10
0,2,1,114,$846.00,4
0,2,1,115,"$3,303.00",19
0,2,1,116,"$1,143.00",5
0,2,1,117,"$1,701.00",11
0,2,1,118,$786.00,5
0,2,1,119,"$1,535.00",7
0,2,1,120,$921.00,7
0,2,1,121,"$1,569.00",9
0,2,1,122,"$1,278.00",5
0,2,1,123,"$3,803.00",18
0,2,1,125,"$3,138.00",11
0,2,1,126,$568.00,2
0,2,1,127,$798.00,3
0,2,1,128,"$3,584.00",14
0,2,1,129,"$1,148.00",5
0,2,1,130,$286.00,2
0,2,1,131,$966.00,4
0,2,1,136,$660.00,2
0,2,1,138,"$2,308.00",8
0,2,1,139,$415.00,1
0,2,1,140,$369.00,3
0,2,1,141,$144.00,1
0,2,1,142,$281.00,1
0,2,1,143,$231.00,1
0,2,1,17,$185.00,1
0,2,1,18,$666.00,2
0,2,1,19,$233.00,1
0,2,1,22,$719.00,3
0,2,1,25,$269.00,1
0,2,1,26,$913.00,4
0,2,1,29,$524.00,2
0,2,1,31,$588.00,2
0,2,1,32,$901.00,3
0,2,1,34,"$1,947.00",8
0,2,1,35,$711.00,2
0,2,1,36,$391.00,1
0,2,1,37,"$2,816.00",9
0,2,1,39,$985.00,3
0,2,1,40,"$2,257.00",7
0,2,1,41,"$2,164.00",9
0,2,1,42,"$1,908.00",6
0,2,1,43,"$3,189.00",11
0,2,1,44,$626.00,2
0,2,1,45,$754.00,3
0,2,1,46,"$3,450.00",15
0,2,1,47,"$3,184.00",11
0,2,1,48,$263.00,1
0,2,1,49,"$1,706.00",5
0,2,1,50,$332.00,1
0,2,1,51,"$1,693.00",6
0,2,1,52,$980.00,4
0,2,1,53,"$3,945.00",13
0,2,1,54,$317.00,1
0,2,1,57,$245.00,1
0,2,1,58,"$3,140.00",9
0,2,1,60,$326.00,2
0,2,1,61,"$2,770.00",10
0,2,1,62,"$1,188.00",6
0,2,1,63,"$1,753.00",5
0,2,1,65,"$1,205.00",5
0,2,1,67,$176.00,1
0,2,1,68,"$1,672.00",7
0,2,1,69,"$1,552.00",4
0,2,1,70,$680.00,2
0,2,1,71,$678.00,3
0,2,1,72,"$1,450.00",6
0,2,1,73,$785.00,4
0,2,1,74,$604.00,2
0,2,1,77,$340.00,1
0,2,1,78,$798.00,3
0,2,1,79,"$1,328.00",5
0,2,1,80,"$1,048.00",4
0,2,1,82,"$1,764.00",6
0,2,1,83,"$1,455.00",5
0,2,1,84,$684.00,2
0,2,1,85,$550.00,2
0,2,1,88,$186.00,1
0,2,1,89,"$1,212.00",4
0,2,1,90,$326.00,1
0,2,1,91,"$1,192.00",4
0,2,1,92,$332.00,2
0,2,1,93,$275.00,1
0,2,1,94,"$1,435.00",5
0,2,1,95,"$1,250.00",5
0,2,1,97,$652.00,2
0,2,1,101,"$1,665.00",5
0,2,1,102,$320.00,1
0,2,1,103,"$1,384.00",4
0,2,1,106,"$2,270.00",7
0,2,1,107,"$2,700.00",14
0,2,1,112,"$2,688.00",12
0,2,1,113,$706.00,2
0,2,1,119,"$2,112.00",6
0,2,1,121,"$2,881.00",11
0,2,1,128,"$3,340.00",11
0,2,1,130,"$2,448.00",6
0,2,1,27,$152.00,1
0,2,1,28,$169.00,1
0,2,1,30,$407.00,2
0,2,1,33,$239.00,1
0,2,1,36,$922.00,4
0,2,1,38,$153.00,1
0,2,1,39,"$1,858.00",7
0,2,1,46,"$1,862.00",6
0,2,1,47,$529.00,2
0,2,1,56,$574.00,2
0,2,1,58,$370.00,2
0,2,1,60,$177.00,1
0,2,1,65,$351.00,2
0,2,1,69,$158.00,1
0,2,1,71,$159.00,1
0,2,1,77,$318.00,2
0,2,1,93,$192.00,1
0,2,1,95,$304.00,1
0,2,1,116,$414.00,2
0,2,1,127,$286.00,1
0,2,1,134,"$1,715.00",7
0,2,1,12,"$1,341.00",5
0,2,1,13,"$2,598.00",12
0,2,1,14,$816.00,3
0,2,1,15,$670.00,2
0,2,1,16,"$5,282.00",20
0,2,1,17,"$3,505.00",14
0,2,1,18,"$4,528.00",16
0,2,1,19,"$6,802.00",25
0,2,1,20,"$11,392.00",42
0,2,1,21,"$8,763.00",38
0,2,1,22,"$11,699.00",48
0,2,1,23,"$12,161.00",53
0,2,1,24,"$11,974.00",53
0,2,1,25,"$9,533.00",42
0,2,1,26,"$14,505.00",56
0,2,1,27,"$19,794.00",77
0,2,1,28,"$15,987.00",70
0,2,1,29,"$11,914.00",53
0,2,1,30,"$19,556.00",83
0,2,1,31,"$26,188.00",105
0,2,1,32,"$25,803.00",106
0,2,1,33,"$27,454.00",109
0,2,1,34,"$21,270.00",94
0,2,1,35,"$23,701.00",100
0,2,1,36,"$23,672.00",98
0,2,1,37,"$31,556.00",136
0,2,1,38,"$30,924.00",120
0,2,1,39,"$23,333.00",100
0,2,1,40,"$19,365.00",75
0,2,1,41,"$32,616.00",130
0,2,1,42,"$27,978.00",115
0,2,1,43,"$20,690.00",83
0,2,1,44,"$29,333.00",123
0,2,1,45,"$31,297.00",129
0,2,1,46,"$25,068.00",102
0,2,1,47,"$27,186.00",119
0,2,1,48,"$26,624.00",110
0,2,1,49,"$25,385.00",108
0,2,1,50,"$27,228.00",108
0,2,1,51,"$26,310.00",103
0,2,1,52,"$29,139.00",118
0,2,1,53,"$19,635.00",81
0,2,1,54,"$24,310.00",97
0,2,1,55,"$21,480.00",85
0,2,1,56,"$20,896.00",78
0,2,1,57,"$23,587.00",99
0,2,1,58,"$27,624.00",113
0,2,1,59,"$24,118.00",99
0,2,1,60,"$31,446.00",118
0,2,1,61,"$21,445.00",87
0,2,1,62,"$20,132.00",89
0,2,1,63,"$24,698.00",103
0,2,1,64,"$22,154.00",84
0,2,1,65,"$25,077.00",106
0,2,1,66,"$18,903.00",74
0,2,1,67,"$19,848.00",83
0,2,1,68,"$18,873.00",76
0,2,1,69,"$20,532.00",85
0,2,1,70,"$23,422.00",99
0,2,1,71,"$14,677.00",65
0,2,1,72,"$19,725.00",80
0,2,1,73,"$22,312.00",94
0,2,1,74,"$23,419.00",98
0,2,1,75,"$22,545.00",92
0,2,1,76,"$19,212.00",76
0,2,1,77,"$17,390.00",68
0,2,1,78,"$16,084.00",64
0,2,1,79,"$20,457.00",83
0,2,1,80,"$28,206.00",116
0,2,1,81,"$22,132.00",84
0,2,1,82,"$11,535.00",46
0,2,1,83,"$27,382.00",116
0,2,1,84,"$18,781.00",68
0,2,1,85,"$21,174.00",88
0,2,1,86,"$19,191.00",72
0,2,1,87,"$24,302.00",94
0,2,1,88,"$14,891.00",64
0,2,1,89,"$25,574.00",94
0,2,1,90,"$24,683.00",97
0,2,1,91,"$22,499.00",92
0,2,1,92,"$26,045.00",103
0,2,1,93,"$17,607.00",67
0,2,1,94,"$22,373.00",88
0,2,1,95,"$25,553.00",103
0,2,1,96,"$13,945.00",56
0,2,1,97,"$17,996.00",69
0,2,1,98,"$22,201.00",90
0,2,1,99,"$21,192.00",85
0,2,1,100,"$12,897.00",53
0,2,1,101,"$20,410.00",83
0,2,1,102,"$18,031.00",79
0,2,1,103,"$16,621.00",62
0,2,1,104,"$19,391.00",73
0,2,1,105,"$18,913.00",69
0,2,1,106,"$17,853.00",70
0,2,1,107,"$13,322.00",54
0,2,1,108,"$11,201.00",45
0,2,1,109,"$19,004.00",78
0,2,1,110,"$9,859.00",45
0,2,1,111,"$15,398.00",58
0,2,1,112,"$14,532.00",51
0,2,1,113,"$11,770.00",45
0,2,1,114,"$14,526.00",62
0,2,1,115,"$12,457.00",48
0,2,1,116,"$12,778.00",47
0,2,1,117,"$8,094.00",29
0,2,1,118,"$6,140.00",24
0,2,1,119,"$9,575.00",39
0,2,1,120,"$9,901.00",39
0,2,1,121,"$10,609.00",39
0,2,1,122,"$5,278.00",24
0,2,1,123,"$7,564.00",36
0,2,1,124,"$5,545.00",23
0,2,1,125,"$2,270.00",10
0,2,1,126,"$5,714.00",23
0,2,1,127,"$3,435.00",17
0,2,1,128,"$2,306.00",8
0,2,1,129,"$2,623.00",10
0,2,1,130,"$1,245.00",5
0,2,1,131,"$1,173.00",6
0,2,1,132,"$1,068.00",5
0,2,1,133,"$4,305.00",16
0,2,1,134,"$1,772.00",8
0,2,1,135,$618.00,2
0,2,1,137,"$2,095.00",8
0,2,1,138,$713.00,4
0,2,1,139,"$1,284.00",5
0,2,1,140,"$1,728.00",6
0,2,1,141,$878.00,3
0,2,1,142,$160.00,1
0,2,1,143,$290.00,1
0,2,1,146,$498.00,2
1,1,0,12,$20.29,3
1,1,0,13,$47.27,8
1,1,0,14,$7.82,1
1,1,0,15,$34.11,5
1,1,0,16,$29.62,5
1,1,0,17,$92.95,15
1,1,0,18,$74.57,12
1,1,0,19,$83.81,14
1,1,0,20,$113.27,19
1,1,0,21,$113.37,20
1,1,0,22,$88.10,18
1,1,0,23,$129.89,27
1,1,0,24,$110.15,17
1,1,0,25,$56.91,9
1,1,0,26,$191.70,32
1,1,0,27,$157.67,28
1,1,0,28,$85.17,14
1,1,0,29,$91.65,16
1,1,0,30,$150.90,27
1,1,0,31,$138.70,24
1,1,0,32,$86.65,16
1,1,0,33,$175.76,29
1,1,0,34,$134.29,23
1,1,0,35,$241.60,37
1,1,0,36,$186.59,35
1,1,0,37,$178.04,29
1,1,0,38,$91.46,15
1,1,0,39,$110.20,19
1,1,0,40,$174.94,32
1,1,0,41,$108.84,19
1,1,0,42,$158.31,29
1,1,0,43,$167.17,29
1,1,0,44,$83.55,15
1,1,0,45,$128.89,21
1,1,0,46,$162.32,29
1,1,0,47,$127.64,21
1,1,0,48,$48.44,10
1,1,0,49,$128.37,21
1,1,0,50,$94.15,19
1,1,0,51,$89.01,15
1,1,0,52,$116.64,21
1,1,0,53,$91.82,19
1,1,0,54,$115.48,22
1,1,0,55,$115.88,22
1,1,0,56,$99.12,18
1,1,0,57,$53.67,10
1,1,0,58,$90.75,17
1,1,0,59,$58.57,11
1,1,0,60,$137.80,24
1,1,0,61,$100.60,23
1,1,0,62,$57.91,11
1,1,0,63,$112.26,20
1,1,0,64,$19.36,4
1,1,0,65,$45.79,10
1,1,0,66,$72.09,16
1,1,0,67,$74.15,14
1,1,0,68,$20.90,4
1,1,0,69,$12.69,3
1,1,0,70,$32.69,4
1,1,0,71,$99.95,17
1,1,0,72,$55.72,11
1,1,0,73,$53.13,10
1,1,0,74,$16.59,4
1,1,0,75,$32.44,7
1,1,0,76,$47.94,10
1,1,0,77,$33.96,7
1,1,0,78,$71.47,15
1,1,0,79,$48.83,9
1,1,0,80,$90.88,16
1,1,0,81,$27.13,5
1,1,0,82,$41.35,8
1,1,0,83,$69.64,14
1,1,0,84,$7.26,1
1,1,0,85,$58.45,13
1,1,0,86,$104.89,22
1,1,0,87,$25.99,6
1,1,0,88,$32.44,8
1,1,0,89,$76.38,13
1,1,0,90,$4.03,1
1,1,0,91,$20.10,4
1,1,0,92,$12.30,3
1,1,0,93,$28.03,7
1,1,0,94,$77.40,14
1,1,0,95,$8.06,2
1,1,0,96,$103.73,20
1,1,0,97,$65.79,11
1,1,0,98,$10.40,2
1,1,0,99,$29.36,5
1,1,0,100,$31.66,5
1,1,0,101,$60.82,13
1,1,0,102,$23.99,6
1,1,0,103,$16.60,4
1,1,0,104,$57.59,9
1,1,0,107,$39.84,8
1,1,0,108,$41.08,9
1,1,0,109,$26.34,5
1,1,0,110,$4.18,1
1,1,0,111,$4.16,1
1,1,0,114,$16.92,4
1,1,0,116,$6.31,1
1,1,0,118,$20.76,4
1,1,0,119,$5.79,1
1,1,0,121,$8.34,2
1,1,0,128,$7.09,1
1,1,0,133,$7.18,1
1,1,0,144,$14.94,2
1,1,0,19,$8.53,1
1,1,0,21,$22.26,4
1,1,0,24,$6.26,1
1,1,0,27,$90.94,17
1,1,0,34,$6.67,1
1,1,0,35,$6.88,1
1,1,0,42,$7.82,1
1,1,0,43,$4.94,1
1,1,0,45,$8.38,1
1,1,0,49,$7.15,1
1,1,0,51,$12.20,2
1,1,0,53,$41.70,5
1,1,0,59,$7.10,1
1,1,0,63,$7.92,1
1,1,0,64,$11.80,2
1,1,0,68,$5.90,1
1,1,0,119,$5.35,1
1,1,0,12,$84.64,14
1,1,0,13,$98.46,16
1,1,0,14,$218.98,34
1,1,0,15,$165.99,27
1,1,0,16,$140.18,22
1,1,0,17,$138.81,22
1,1,0,18,$203.57,33
1,1,0,19,$414.76,69
1,1,0,20,$458.76,71
1,1,0,21,$376.29,60
1,1,0,22,$567.77,92
1,1,0,23,$410.40,66
1,1,0,24,$429.91,69
1,1,0,25,$630.89,100
1,1,0,26,$424.77,67
1,1,0,27,$495.85,79
1,1,0,28,$545.36,86
1,1,0,29,$516.32,78
1,1,0,30,$765.57,122
1,1,0,31,$571.84,91
1,1,0,32,$459.86,74
1,1,0,33,$667.05,103
1,1,0,34,$553.24,87
1,1,0,35,$457.60,74
1,1,0,36,$567.99,92
1,1,0,37,$785.75,121
1,1,0,38,$407.32,62
1,1,0,39,$426.02,66
1,1,0,40,$664.07,108
1,1,0,41,$533.51,89
1,1,0,42,$601.21,96
1,1,0,43,$503.73,82
1,1,0,44,$554.04,89
1,1,0,45,$343.30,55
1,1,0,46,$426.78,69
1,1,0,47,$459.03,70
1,1,0,48,$563.09,90
1,1,0,49,$251.74,39
1,1,0,50,$424.18,67
1,1,0,51,$277.73,48
1,1,0,52,$281.63,49
1,1,0,53,$398.68,66
1,1,0,54,$308.49,54
1,1,0,55,$291.51,48
1,1,0,56,$226.30,38
1,1,0,57,$207.19,34
1,1,0,58,$265.26,45
1,1,0,59,$267.48,45
1,1,0,60,$195.34,32
1,1,0,61,$259.25,45
1,1,0,62,$244.54,42
1,1,0,63,$195.38,32
1,1,0,64,$88.04,14
1,1,0,65,$280.63,45
1,1,0,66,$254.40,43
1,1,0,67,$188.16,31
1,1,0,68,$152.45,25
1,1,0,69,$212.54,35
1,1,0,70,$275.46,47
1,1,0,71,$261.95,43
1,1,0,72,$195.74,33
1,1,0,73,$115.97,18
1,1,0,74,$178.28,30
1,1,0,75,$300.96,48
1,1,0,76,$172.47,29
1,1,0,77,$125.89,22
1,1,0,78,$256.79,42
1,1,0,79,$164.80,31
1,1,0,80,$127.78,22
1,1,0,81,$91.00,17
1,1,0,82,$178.91,29
1,1,0,83,$111.08,21
1,1,0,84,$109.45,20
1,1,0,85,$185.63,34
1,1,0,86,$163.68,29
1,1,0,87,$183.66,34
1,1,0,88,$67.59,11
1,1,0,89,$64.67,12
1,1,0,90,$228.29,39
1,1,0,91,$231.86,38
1,1,0,92,$95.36,16
1,1,0,93,$160.05,29
1,1,0,94,$123.37,22
1,1,0,95,$61.73,11
1,1,0,96,$273.21,46
1,1,0,97,$227.93,39
1,1,0,98,$161.20,27
1,1,0,99,$93.51,18
1,1,0,100,$78.98,14
1,1,0,101,$75.73,12
1,1,0,102,$127.56,25
1,1,0,103,$101.56,18
1,1,0,104,$58.95,9
1,1,0,105,$76.33,13
1,1,0,106,$76.06,13
1,1,0,107,$70.35,14
1,1,0,108,$82.00,13
1,1,0,109,$39.68,7
1,1,0,110,$64.38,11
1,1,0,111,$48.93,8
1,1,0,112,$34.30,6
1,1,0,113,$12.62,2
1,1,0,114,$27.96,5
1,1,0,115,$112.52,18
1,1,0,116,$77.26,13
1,1,0,117,$29.04,4
1,1,0,118,$54.30,9
1,1,0,119,$33.75,5
1,1,0,120,$12.62,2
1,1,0,121,$32.36,5
1,1,0,122,$41.12,8
1,1,0,123,$27.52,4
1,1,0,124,$10.84,2
1,1,0,125,$14.18,2
1,1,0,126,$22.72,4
1,1,0,127,$15.46,3
1,1,0,128,$12.42,2
1,1,0,130,$20.98,4
1,1,0,131,$10.88,2
1,1,0,132,$11.30,2
1,1,0,133,$43.06,8
1,1,0,135,$10.98,2
1,1,0,137,$10.10,2
1,1,0,139,$6.17,1
1,1,0,144,$18.51,3
1,1,0,145,$5.82,1
1,1,1,12,$29.30,2
1,1,1,13,$61.25,4
1,1,1,14,$60.07,4
1,1,1,15,$109.97,11
1,1,1,16,$42.19,3
1,1,1,17,$171.87,17
1,1,1,18,$61.35,5
1,1,1,19,$179.69,17
1,1,1,20,$228.58,21
1,1,1,21,$159.09,13
1,1,1,22,$244.68,33
1,1,1,23,$217.64,17
1,1,1,24,$197.80,20
1,1,1,25,$265.26,29
1,1,1,26,$235.38,22
1,1,1,27,$342.17,30
1,1,1,28,$210.00,21
1,1,1,29,$282.50,27
1,1,1,30,$176.87,19
1,1,1,31,$186.21,24
1,1,1,32,$367.40,46
1,1,1,33,$193.41,18
1,1,1,34,$283.75,21
1,1,1,35,$145.19,13
1,1,1,36,$146.55,15
1,1,1,37,$413.34,36
1,1,1,38,$168.00,20
1,1,1,39,$169.09,21
1,1,1,40,$240.91,18
1,1,1,41,$231.13,24
1,1,1,42,$214.99,27
1,1,1,43,$196.79,22
1,1,1,44,$282.99,25
1,1,1,45,$285.80,34
1,1,1,46,$136.24,11
1,1,1,47,$215.09,16
1,1,1,48,$237.44,22
1,1,1,49,$193.52,20
1,1,1,50,$159.36,16
1,1,1,51,$180.65,14
1,1,1,52,$136.18,11
1,1,1,53,$151.31,20
1,1,1,54,$222.89,19
1,1,1,55,$69.02,9
1,1,1,56,$180.79,18
1,1,1,57,$63.21,8
1,1,1,58,$111.14,11
1,1,1,59,$44.15,7
1,1,1,60,$140.03,13
1,1,1,61,$94.83,10
1,1,1,62,$58.58,7
1,1,1,63,$189.11,14
1,1,1,64,$88.92,11
1,1,1,65,$54.05,7
1,1,1,66,$113.07,14
1,1,1,67,$87.05,10
1,1,1,68,$24.12,4
1,1,1,69,$55.01,6
1,1,1,70,$87.44,12
1,1,1,71,$110.43,11
1,1,1,72,$109.30,15
1,1,1,73,$74.43,9
1,1,1,74,$93.58,13
1,1,1,75,$89.06,13
1,1,1,76,$127.30,14
1,1,1,77,$95.74,8
1,1,1,78,$91.21,14
1,1,1,79,$50.18,8
1,1,1,80,$80.81,7
1,1,1,81,$51.12,6
1,1,1,82,$63.00,9
1,1,1,83,$123.82,12
1,1,1,84,$48.24,8
1,1,1,85,$68.16,6
1,1,1,86,$127.92,18
1,1,1,87,$25.09,4
1,1,1,88,$58.01,5
1,1,1,89,$41.00,5
1,1,1,91,$94.81,11
1,1,1,92,$40.49,5
1,1,1,93,$109.47,13
1,1,1,94,$52.04,6
1,1,1,95,$12.06,2
1,1,1,96,$67.62,6
1,1,1,98,$55.03,8
1,1,1,99,$58.04,8
1,1,1,100,$113.38,14
1,1,1,101,$86.26,6
1,1,1,102,$6.03,1
1,1,1,103,$6.03,1
1,1,1,105,$12.06,1
1,1,1,106,$14.00,2
1,1,1,108,$38.77,3
1,1,1,109,$13.99,1
1,1,1,110,$39.84,4
1,1,1,112,$52.73,3
1,1,1,113,$46.74,4
1,1,1,115,$53.09,8
1,1,1,116,$11.21,1
1,1,1,118,$12.06,2
1,1,1,119,$14.00,2
1,1,1,120,$44.14,6
1,1,1,121,$14.99,1
1,1,1,124,$14.00,2
1,1,1,126,$48.98,5
1,1,1,132,$12.06,2
1,1,1,140,$14.00,2
1,1,1,16,$46.97,3
1,1,1,23,$13.99,1
1,1,1,24,$43.96,4
1,1,1,27,$10.70,1
1,1,1,29,$13.99,1
1,1,1,31,$9.99,1
1,1,1,32,$15.99,1
1,1,1,35,$17.23,1
1,1,1,37,$15.98,2
1,1,1,38,$19.99,1
1,1,1,39,$12.92,1
1,1,1,41,$37.90,3
1,1,1,42,$118.86,9
1,1,1,46,$14.99,1
1,1,1,52,$39.98,2
1,1,1,53,$16.37,1
1,1,1,56,$17.98,2
1,1,1,58,$146.32,12
1,1,1,63,$32.74,2
1,1,1,95,$8.99,1
1,1,1,119,$8.61,1
1,1,1,58,$13.78,1
1,1,1,69,$13.99,1
1,1,1,12,$135.59,10
1,1,1,13,$131.59,9
1,1,1,14,$210.27,14
1,1,1,15,$340.38,26
1,1,1,16,$324.76,24
1,1,1,17,$325.22,24
1,1,1,18,$243.25,21
1,1,1,19,$631.64,46
1,1,1,20,$637.76,47
1,1,1,21,$571.60,43
1,1,1,22,$679.95,53
1,1,1,23,$574.97,42
1,1,1,24,$546.31,40
1,1,1,25,$588.70,45
1,1,1,26,$908.29,67
1,1,1,27,$590.49,47
1,1,1,28,$818.04,67
1,1,1,29,$689.81,52
1,1,1,30,$604.80,49
1,1,1,31,$943.58,72
1,1,1,32,$605.87,44
1,1,1,33,$675.08,52
1,1,1,34,$852.70,73
1,1,1,35,$728.41,61
1,1,1,36,$939.04,76
1,1,1,37,$828.38,62
1,1,1,38,$549.33,43
1,1,1,39,$620.99,46
1,1,1,40,$903.31,70
1,1,1,41,$495.71,37
1,1,1,42,$686.52,57
1,1,1,43,$729.14,56
1,1,1,44,$669.72,49
1,1,1,45,$660.77,52
1,1,1,46,$612.16,52
1,1,1,47,$615.43,49
1,1,1,48,$603.49,43
1,1,1,49,$717.64,58
1,1,1,50,$611.49,45
1,1,1,51,$299.04,26
1,1,1,52,$369.67,33
1,1,1,53,$336.81,29
1,1,1,54,$333.90,31
1,1,1,55,$491.09,41
1,1,1,56,$395.42,32
1,1,1,57,$449.67,39
1,1,1,58,$372.94,30
1,1,1,59,$212.42,17
1,1,1,60,$367.32,29
1,1,1,61,$374.65,29
1,1,1,62,$284.47,25
1,1,1,63,$353.80,31
1,1,1,64,$290.05,23
1,1,1,65,$265.21,21
1,1,1,66,$376.66,27
1,1,1,67,$510.06,41
1,1,1,68,$477.56,35
1,1,1,69,$259.34,18
1,1,1,70,$224.25,19
1,1,1,71,$242.91,24
1,1,1,72,$254.63,25
1,1,1,73,$93.25,9
1,1,1,74,$302.27,26
1,1,1,75,$376.46,34
1,1,1,76,$182.81,15
1,1,1,77,$422.25,34
1,1,1,78,$280.57,21
1,1,1,79,$352.95,30
1,1,1,80,$373.39,30
1,1,1,81,$161.28,15
1,1,1,82,$163.61,15
1,1,1,83,$480.20,41
1,1,1,84,$121.69,11
1,1,1,85,$81.55,7
1,1,1,86,$63.46,6
1,1,1,87,$205.47,19
1,1,1,88,$216.48,18
1,1,1,89,$174.42,13
1,1,1,90,$302.87,26
1,1,1,91,$242.73,18
1,1,1,92,$89.22,9
1,1,1,93,$122.27,10
1,1,1,94,$125.98,9
1,1,1,95,$48.72,4
1,1,1,96,$98.66,8
1,1,1,97,$197.25,19
1,1,1,98,$145.16,12
1,1,1,99,$121.63,9
1,1,1,100,$195.86,14
1,1,1,101,$104.37,9
1,1,1,102,$111.11,10
1,1,1,103,$172.59,13
1,1,1,104,$87.31,9
1,1,1,105,$141.43,13
1,1,1,106,$36.97,3
1,1,1,108,$83.69,7
1,1,1,109,$58.47,5
1,1,1,110,$101.79,7
1,1,1,111,$142.38,13
1,1,1,112,$58.95,5
1,1,1,113,$90.23,9
1,1,1,114,$8.61,1
1,1,1,115,$31.48,4
1,1,1,116,$52.72,4
1,1,1,117,$69.95,5
1,1,1,118,$158.87,13
1,1,1,119,$31.98,2
1,1,1,121,$49.96,4
1,1,1,122,$140.63,9
1,1,1,124,$56.10,4
1,1,1,126,$14.99,1
1,1,1,130,$29.98,2
1,1,1,131,$13.78,1
1,1,1,132,$53.40,5
1,1,1,133,$44.80,4
1,1,1,137,$17.22,2
1,1,1,139,$8.61,1
1,1,1,141,$12.06,1
1,1,1,142,$32.97,3
1,1,1,145,$12.06,1
1,2,0,12,$106.58,16
1,2,0,13,$12.73,2
1,2,0,14,$48.93,8
1,2,0,15,$60.33,11
1,2,0,16,$46.86,8
1,2,0,17,$173.23,28
1,2,0,18,$189.76,31
1,2,0,19,$374.04,65
1,2,0,20,$173.18,27
1,2,0,21,$201.11,33
1,2,0,22,$136.36,24
1,2,0,23,$263.64,48
1,2,0,24,$175.10,31
1,2,0,25,$411.36,72
1,2,0,26,$306.49,56
1,2,0,27,$284.08,48
1,2,0,28,$329.58,59
1,2,0,29,$360.64,65
1,2,0,30,$248.53,43
1,2,0,31,$331.19,52
1,2,0,32,$449.33,78
1,2,0,33,$329.81,52
1,2,0,34,$525.98,91
1,2,0,35,$486.10,85
1,2,0,36,$337.83,59
1,2,0,37,$391.55,66
1,2,0,38,$520.23,95
1,2,0,39,$383.22,66
1,2,0,40,$521.07,99
1,2,0,41,$478.45,80
1,2,0,42,$410.06,76
1,2,0,43,$375.67,62
1,2,0,44,$294.54,57
1,2,0,45,$410.86,71
1,2,0,46,$381.24,67
1,2,0,47,$476.41,86
1,2,0,48,$396.59,69
1,2,0,49,$220.95,41
1,2,0,50,$262.19,45
1,2,0,51,$153.18,30
1,2,0,52,$313.50,63
1,2,0,53,$156.52,29
1,2,0,54,$331.15,64
1,2,0,55,$238.12,46
1,2,0,56,$212.29,37
1,2,0,57,$252.94,48
1,2,0,58,$527.91,88
1,2,0,59,$324.85,66
1,2,0,60,$98.99,21
1,2,0,61,$524.95,92
1,2,0,62,$140.24,28
1,2,0,63,$364.79,69
1,2,0,64,$199.75,37
1,2,0,65,$126.42,23
1,2,0,66,$207.74,41
1,2,0,67,$173.31,38
1,2,0,68,$272.60,56
1,2,0,69,$159.78,30
1,2,0,70,$115.86,23
1,2,0,71,$247.71,50
1,2,0,72,$146.07,30
1,2,0,73,$171.92,33
1,2,0,74,$175.69,33
1,2,0,75,$250.34,51
1,2,0,76,$245.84,57
1,2,0,77,$195.37,42
1,2,0,78,$149.75,28
1,2,0,79,$201.02,45
1,2,0,80,$232.63,47
1,2,0,81,$169.51,33
1,2,0,82,$276.48,55
1,2,0,83,$151.56,29
1,2,0,84,$190.95,39
1,2,0,85,$139.65,28
1,2,0,86,$85.90,18
1,2,0,87,$85.17,17
1,2,0,88,$193.00,36
1,2,0,89,$273.44,57
1,2,0,90,$83.01,18
1,2,0,91,$141.27,25
1,2,0,92,$72.31,15
1,2,0,93,$181.04,34
1,2,0,94,$73.86,14
1,2,0,95,$141.62,26
1,2,0,96,$108.35,21
1,2,0,97,$150.65,27
1,2,0,98,$115.62,26
1,2,0,99,$94.93,16
1,2,0,100,$90.18,17
1,2,0,101,$108.83,22
1,2,0,102,$113.15,24
1,2,0,103,$99.52,19
1,2,0,104,$58.09,10
1,2,0,105,$98.71,23
1,2,0,106,$58.90,10
1,2,0,107,$227.53,46
1,2,0,108,$64.94,14
1,2,0,109,$132.87,22
1,2,0,110,$128.05,25
1,2,0,111,$106.16,18
1,2,0,113,$22.33,4
1,2,0,114,$33.71,6
1,2,0,115,$82.09,14
1,2,0,116,$25.29,4
1,2,0,117,$60.22,10
1,2,0,118,$31.28,5
1,2,0,119,$37.44,8
1,2,0,120,$45.96,7
1,2,0,121,$22.48,4
1,2,0,122,$38.48,7
1,2,0,123,$61.47,9
1,2,0,124,$16.60,3
1,2,0,125,$92.29,14
1,2,0,126,$44.19,9
1,2,0,127,$38.93,6
1,2,0,130,$60.08,10
1,2,0,131,$4.24,1
1,2,0,132,$37.24,6
1,2,0,136,$13.40,2
1,2,0,141,$6.32,1
1,2,0,142,$8.48,2
1,2,0,17,$5.50,1
1,2,0,19,$21.38,3
1,2,0,26,$6.33,1
1,2,0,29,$16.41,3
1,2,0,30,$14.85,2
1,2,0,31,$15.09,2
1,2,0,32,$6.25,1
1,2,0,34,$13.11,2
1,2,0,36,$14.82,2
1,2,0,37,$5.04,1
1,2,0,38,$15.09,2
1,2,0,39,$5.85,1
1,2,0,40,$26.64,5
1,2,0,41,$12.52,2
1,2,0,42,$18.08,3
1,2,0,44,$11.78,2
1,2,0,48,$13.19,2
1,2,0,49,$5.90,1
1,2,0,50,$25.47,4
1,2,0,53,$10.54,2
1,2,0,55,$5.90,1
1,2,0,57,$5.83,1
1,2,0,58,$8.02,1
1,2,0,61,$5.34,1
1,2,0,63,$23.50,4
1,2,0,64,$11.80,2
1,2,0,67,$5.34,1
1,2,0,68,$5.90,1
1,2,0,70,$7.03,1
1,2,0,74,$7.03,1
1,2,0,78,$24.64,4
1,2,0,85,$66.30,10
1,2,0,87,$30.05,5
1,2,0,92,$66.30,10
1,2,0,98,$19.63,3
1,2,0,103,$30.05,5
1,2,0,120,$6.19,1
1,2,0,12,$77.80,12
1,2,0,13,$129.61,20
1,2,0,14,$215.30,33
1,2,0,15,$236.55,36
1,2,0,16,$298.32,46
1,2,0,17,$489.77,75
1,2,0,18,$324.11,52
1,2,0,19,$671.26,110
1,2,0,20,$779.10,124
1,2,0,21,$886.02,142
1,2,0,22,$961.77,154
1,2,0,23,$791.92,123
1,2,0,24,$839.41,132
1,2,0,25,"$1,106.52",175
1,2,0,26,"$1,035.63",165
1,2,0,27,$896.44,142
1,2,0,28,"$1,281.43",209
1,2,0,29,$987.57,158
1,2,0,30,"$1,125.88",182
1,2,0,31,"$1,120.15",182
1,2,0,32,"$1,566.72",253
1,2,0,33,"$1,368.27",225
1,2,0,34,"$1,296.91",206
1,2,0,35,"$1,193.81",191
1,2,0,36,"$1,557.05",252
1,2,0,37,"$1,386.92",226
1,2,0,38,"$1,584.11",259
1,2,0,39,"$1,547.49",246
1,2,0,40,"$1,993.83",323
1,2,0,41,"$1,376.72",228
1,2,0,42,"$1,600.75",260
1,2,0,43,"$1,385.01",230
1,2,0,44,"$1,639.57",267
1,2,0,45,"$1,398.39",232
1,2,0,46,"$1,343.79",220
1,2,0,47,"$1,690.43",275
1,2,0,48,"$1,392.10",229
1,2,0,49,"$1,374.64",228
1,2,0,50,"$1,156.49",181
1,2,0,51,$926.18,154
1,2,0,52,"$1,038.13",171
1,2,0,53,$985.66,161
1,2,0,54,$994.57,167
1,2,0,55,$858.00,143
1,2,0,56,$912.83,152
1,2,0,57,$835.75,138
1,2,0,58,$954.50,160
1,2,0,59,"$1,136.31",187
1,2,0,60,$851.98,145
1,2,0,61,$830.06,140
1,2,0,62,$796.04,138
1,2,0,63,$901.31,152
1,2,0,64,$865.62,152
1,2,0,65,$832.19,145
1,2,0,66,$876.43,154
1,2,0,67,$980.50,163
1,2,0,68,$829.86,143
1,2,0,69,$853.36,148
1,2,0,70,$918.39,157
1,2,0,71,$871.17,157
1,2,0,72,$695.27,122
1,2,0,73,$764.92,135
1,2,0,74,$972.48,167
1,2,0,75,$788.27,136
1,2,0,76,$728.25,132
1,2,0,77,$917.60,161
1,2,0,78,$904.25,155
1,2,0,79,$743.75,132
1,2,0,80,$958.88,170
1,2,0,81,$705.26,119
1,2,0,82,$693.40,124
1,2,0,83,"$1,067.73",187
1,2,0,84,$644.45,118
1,2,0,85,$741.88,133
1,2,0,86,$803.73,144
1,2,0,87,$785.08,137
1,2,0,88,$712.21,125
1,2,0,89,$798.03,134
1,2,0,90,$949.52,171
1,2,0,91,$667.24,118
1,2,0,92,$805.40,140
1,2,0,93,$664.01,116
1,2,0,94,$913.09,161
1,2,0,95,$738.42,132
1,2,0,96,$454.15,81
1,2,0,97,$529.16,93
1,2,0,98,$533.89,95
1,2,0,99,$675.16,119
1,2,0,100,$412.69,70
1,2,0,101,$482.53,87
1,2,0,102,$478.29,82
1,2,0,103,$341.04,61
1,2,0,104,$488.39,84
1,2,0,105,$562.21,95
1,2,0,106,$529.88,91
1,2,0,107,$310.85,55
1,2,0,108,$456.19,77
1,2,0,109,$638.55,104
1,2,0,110,$374.89,64
1,2,0,111,$229.55,41
1,2,0,112,$279.16,46
1,2,0,113,$249.39,41
1,2,0,114,$245.52,44
1,2,0,115,$219.35,39
1,2,0,116,$297.47,51
1,2,0,117,$269.76,43
1,2,0,118,$158.37,28
1,2,0,119,$170.60,28
1,2,0,120,$201.73,35
1,2,0,121,$60.81,10
1,2,0,122,$249.49,42
1,2,0,123,$96.57,16
1,2,0,124,$136.30,23
1,2,0,125,$96.98,16
1,2,0,126,$66.04,10
1,2,0,127,$121.13,20
1,2,0,128,$104.28,17
1,2,0,129,$60.57,11
1,2,0,130,$94.90,16
1,2,0,131,$23.45,4
1,2,0,132,$11.86,2
1,2,0,133,$20.47,3
1,2,0,134,$50.00,10
1,2,0,135,$44.92,7
1,2,0,137,$13.42,2
1,2,0,138,$26.92,4
1,2,0,140,$5.82,1
1,2,0,142,$30.56,4
1,2,0,143,$15.82,2
1,2,0,146,$14.08,2
1,2,1,40,$11.21,1
1,2,1,41,$16.37,1
1,2,1,42,$33.60,3
1,2,1,12,$40.65,3
1,2,1,13,$81.29,7
1,2,1,14,$58.02,6
1,2,1,15,$124.50,11
1,2,1,16,$101.71,13
1,2,1,17,$175.19,15
1,2,1,18,$277.39,24
1,2,1,19,$426.19,34
1,2,1,20,$356.63,36
1,2,1,21,$470.91,42
1,2,1,22,$303.31,34
1,2,1,23,$167.77,18
1,2,1,24,$212.77,26
1,2,1,25,$431.04,44
1,2,1,26,$645.82,70
1,2,1,27,$565.41,54
1,2,1,28,$806.18,72
1,2,1,29,$509.05,49
1,2,1,30,$376.35,43
1,2,1,31,$521.44,53
1,2,1,32,$586.14,56
1,2,1,33,$393.32,50
1,2,1,34,$753.23,80
1,2,1,35,$518.59,49
1,2,1,36,$724.38,75
1,2,1,37,$833.62,74
1,2,1,38,$466.58,48
1,2,1,39,$971.71,90
1,2,1,40,$583.95,63
1,2,1,41,$724.80,76
1,2,1,42,$784.28,78
1,2,1,43,$508.19,55
1,2,1,44,$622.04,67
1,2,1,45,$816.47,88
1,2,1,46,$631.66,67
1,2,1,47,$409.48,37
1,2,1,48,$600.10,68
1,2,1,49,$729.41,79
1,2,1,50,$351.13,33
1,2,1,51,$562.41,62
1,2,1,52,$504.54,58
1,2,1,53,$468.61,51
1,2,1,54,$692.86,75
1,2,1,55,$384.59,50
1,2,1,56,$641.54,65
1,2,1,57,$438.81,42
1,2,1,58,$311.37,34
1,2,1,59,$566.88,67
1,2,1,60,$459.75,57
1,2,1,61,$565.28,62
1,2,1,62,$423.99,53
1,2,1,63,$466.18,53
1,2,1,64,$313.42,41
1,2,1,65,$366.04,51
1,2,1,66,$371.16,37
1,2,1,67,$440.70,43
1,2,1,68,$281.49,31
1,2,1,69,$461.58,56
1,2,1,70,$355.47,37
1,2,1,71,$242.08,26
1,2,1,72,$411.43,45
1,2,1,73,$192.69,22
1,2,1,74,$513.45,60
1,2,1,75,$501.63,53
1,2,1,76,$455.71,53
1,2,1,77,$170.05,18
1,2,1,78,$250.61,29
1,2,1,79,$509.72,55
1,2,1,80,$165.17,20
1,2,1,81,$200.09,28
1,2,1,82,$520.97,62
1,2,1,83,$220.98,32
1,2,1,84,$244.58,28
1,2,1,85,$204.80,23
1,2,1,86,$383.98,37
1,2,1,87,$278.98,32
1,2,1,88,$156.47,23
1,2,1,89,$263.64,38
1,2,1,90,$206.77,19
1,2,1,91,$186.34,18
1,2,1,92,$280.91,34
1,2,1,93,$157.40,17
1,2,1,94,$357.93,35
1,2,1,95,$105.10,14
1,2,1,96,$323.72,43
1,2,1,97,$188.15,23
1,2,1,98,$140.53,17
1,2,1,99,$221.83,23
1,2,1,100,$377.16,36
1,2,1,101,$314.12,39
1,2,1,102,$192.20,24
1,2,1,103,$235.13,28
1,2,1,104,$91.43,12
1,2,1,105,$134.18,19
1,2,1,106,$35.99,4
1,2,1,107,$108.87,13
1,2,1,108,$315.85,34
1,2,1,109,$64.97,4
1,2,1,110,$148.51,14
1,2,1,111,$115.22,17
1,2,1,112,$44.16,5
1,2,1,113,$140.05,16
1,2,1,114,$167.49,12
1,2,1,115,$217.45,20
1,2,1,116,$19.06,3
1,2,1,117,$13.99,1
1,2,1,118,$207.40,23
1,2,1,120,$12.06,2
1,2,1,121,$132.97,16
1,2,1,122,$85.07,10
1,2,1,123,$12.92,1
1,2,1,125,$51.06,5
1,2,1,126,$49.96,5
1,2,1,127,$21.00,3
1,2,1,128,$67.19,5
1,2,1,130,$6.03,1
1,2,1,133,$26.00,2
1,2,1,134,$12.92,1
1,2,1,136,$6.03,1
1,2,1,137,$26.06,4
1,2,1,138,$17.23,1
1,2,1,142,$18.99,1
1,2,1,16,$13.78,1
1,2,1,18,$12.92,1
1,2,1,19,$90.16,8
1,2,1,21,$11.20,1
1,2,1,23,$71.20,8
1,2,1,24,$10.70,1
1,2,1,25,$59.02,5
1,2,1,26,$35.68,3
1,2,1,27,$54.96,4
1,2,1,29,$11.99,1
1,2,1,30,$42.95,5
1,2,1,32,$90.99,7
1,2,1,33,$120.15,13
1,2,1,34,$53.40,5
1,2,1,36,$38.98,2
1,2,1,37,$96.91,9
1,2,1,41,$14.14,2
1,2,1,42,$75.02,5
1,2,1,43,$26.70,2
1,2,1,44,$57.94,6
1,2,1,46,$54.68,4
1,2,1,47,$38.53,4
1,2,1,48,$65.17,7
1,2,1,50,$38.96,4
1,2,1,51,$84.87,6
1,2,1,54,$23.60,2
1,2,1,57,$45.64,5
1,2,1,60,$80.59,7
1,2,1,61,$21.53,2
1,2,1,62,$52.10,4
1,2,1,64,$14.26,2
1,2,1,67,$29.61,3
1,2,1,69,$69.95,5
1,2,1,71,$97.93,7
1,2,1,72,$54.64,4
1,2,1,73,$37.20,4
1,2,1,75,$56.35,3
1,2,1,77,$8.61,1
1,2,1,79,$60.30,5
1,2,1,80,$27.98,2
1,2,1,82,$65.46,6
1,2,1,83,$21.98,2
1,2,1,84,$17.98,2
1,2,1,85,$25.84,2
1,2,1,86,$34.46,2
1,2,1,89,$49.95,5
1,2,1,90,$18.94,2
1,2,1,94,$37.98,2
1,2,1,97,$43.05,5
1,2,1,101,$75.96,4
1,2,1,102,$24.11,3
1,2,1,103,$44.80,3
1,2,1,108,$8.61,1
1,2,1,110,$8.61,1
1,2,1,111,$65.48,4
1,2,1,115,$12.06,1
1,2,1,38,$33.60,2
1,2,1,46,$12.99,1
1,2,1,54,$11.20,1
1,2,1,12,$72.94,6
1,2,1,13,$134.74,9
1,2,1,14,$218.66,16
1,2,1,15,$242.75,18
1,2,1,16,$273.65,22
1,2,1,17,$434.65,32
1,2,1,18,$340.43,25
1,2,1,19,$786.44,58
1,2,1,20,$851.87,62
1,2,1,21,"$1,088.45",86
1,2,1,22,"$1,067.36",84
1,2,1,23,"$1,300.76",100
1,2,1,24,"$1,228.63",101
1,2,1,25,"$1,569.76",128
1,2,1,26,"$1,174.18",101
1,2,1,27,"$1,170.66",99
1,2,1,28,"$1,450.00",124
1,2,1,29,"$1,431.59",120
1,2,1,30,"$1,782.50",153
1,2,1,31,"$1,974.15",161
1,2,1,32,"$1,794.53",153
1,2,1,33,"$1,841.56",158
1,2,1,34,"$2,184.10",191
1,2,1,35,"$2,076.22",173
1,2,1,36,"$1,574.86",132
1,2,1,37,"$1,830.09",155
1,2,1,38,"$2,547.18",198
1,2,1,39,"$2,484.43",206
1,2,1,40,"$2,082.78",171
1,2,1,41,"$2,348.84",186
1,2,1,42,"$2,143.26",181
1,2,1,43,"$1,724.16",136
1,2,1,44,"$1,320.69",112
1,2,1,45,"$1,863.69",160
1,2,1,46,"$1,816.87",150
1,2,1,47,"$2,057.89",169
1,2,1,48,"$1,955.38",158
1,2,1,49,"$2,340.57",190
1,2,1,50,"$1,962.12",162
1,2,1,51,"$1,775.25",149
1,2,1,52,"$1,863.42",143
1,2,1,53,"$1,758.17",151
1,2,1,54,"$1,532.71",129
1,2,1,55,"$1,399.98",122
1,2,1,56,"$1,431.87",116
1,2,1,57,"$1,448.14",120
1,2,1,58,"$1,436.25",113
1,2,1,59,$875.20,73
1,2,1,60,"$1,791.97",151
1,2,1,61,"$1,533.74",124
1,2,1,62,"$1,272.45",104
1,2,1,63,"$1,424.82",127
1,2,1,64,"$1,325.52",108
1,2,1,65,"$1,071.37",88
1,2,1,66,"$1,255.23",101
1,2,1,67,"$1,281.82",116
1,2,1,68,$962.68,80
1,2,1,69,"$1,242.02",99
1,2,1,70,"$1,494.50",124
1,2,1,71,"$1,090.53",86
1,2,1,72,$910.69,81
1,2,1,73,$986.27,79
1,2,1,74,"$1,373.75",116
1,2,1,75,"$1,384.35",117
1,2,1,76,"$1,151.00",94
1,2,1,77,"$1,239.32",104
1,2,1,78,"$1,465.04",123
1,2,1,79,"$1,251.81",112
1,2,1,80,"$1,105.65",93
1,2,1,81,$902.73,76
1,2,1,82,$951.15,79
1,2,1,83,"$1,290.11",112
1,2,1,84,"$1,006.78",83
1,2,1,85,$979.50,80
1,2,1,86,"$1,329.57",106
1,2,1,87,$941.58,76
1,2,1,88,$920.97,70
1,2,1,89,"$1,074.76",91
1,2,1,90,"$1,283.87",101
1,2,1,91,$976.54,90
1,2,1,92,"$1,142.59",96
1,2,1,93,$879.68,73
1,2,1,94,$695.94,62
1,2,1,95,$914.77,81
1,2,1,96,"$1,087.90",86
1,2,1,97,$813.67,71
1,2,1,98,$877.09,72
1,2,1,99,$637.40,54
1,2,1,100,$878.06,67
1,2,1,101,$805.35,68
1,2,1,102,$590.22,51
1,2,1,103,$552.59,46
1,2,1,104,$550.60,44
1,2,1,105,$671.91,53
1,2,1,106,$641.10,53
1,2,1,107,$861.23,73
1,2,1,108,$557.03,39
1,2,1,109,$357.33,31
1,2,1,110,$219.86,21
1,2,1,111,$441.58,37
1,2,1,112,$549.41,43
1,2,1,113,$397.16,35
1,2,1,114,$193.41,17
1,2,1,115,$497.71,39
1,2,1,116,$310.96,26
1,2,1,117,$297.61,26
1,2,1,118,$97.40,9
1,2,1,119,$190.48,14
1,2,1,120,$109.00,10
1,2,1,121,$131.04,10
1,2,1,122,$66.48,7
1,2,1,123,$242.44,22
1,2,1,124,$188.45,18
1,2,1,125,$126.55,11
1,2,1,126,$107.99,12
1,2,1,127,$206.34,15
1,2,1,128,$21.91,2
1,2,1,129,$64.10,4
1,2,1,130,$110.73,11
1,2,1,131,$29.25,3
1,2,1,132,$72.79,7
1,2,1,133,$44.95,5
1,2,1,134,$45.97,3
1,2,1,135,$294.77,25
1,2,1,136,$122.68,11
1,2,1,137,$49.97,3
1,2,1,138,$51.53,5
1,2,1,139,$43.23,5
1,2,1,140,$27.56,3
1,2,1,142,$33.60,3
1,2,1,145,$9.99,1
